{"query_ids":{"0":1,"1":2,"2":33,"3":56,"4":57,"5":109,"6":130,"7":171,"8":196,"9":214},"total_relevants":{"0":29,"1":25,"2":4,"3":11,"4":15,"5":6,"6":6,"7":4,"8":13,"9":5},"total_retrieveds":{"0":10,"1":10,"2":10,"3":10,"4":10,"5":10,"6":10,"7":10,"8":10,"9":10},"total_retrieved_relevants":{"0":6,"1":5,"2":1,"3":1,"4":2,"5":1,"6":1,"7":1,"8":5,"9":1},"recall":{"0":0.2068965517,"1":0.2,"2":0.25,"3":0.0909090909,"4":0.1333333333,"5":0.1666666667,"6":0.1666666667,"7":0.25,"8":0.3846153846,"9":0.2},"precision":{"0":0.6,"1":0.5,"2":0.1,"3":0.1,"4":0.2,"5":0.1,"6":0.1,"7":0.1,"8":0.5,"9":0.1},"f_scores":{"0":0.3076923077,"1":0.2857142857,"2":0.1428571429,"3":0.0952380952,"4":0.16,"5":0.125,"6":0.125,"7":0.1428571429,"8":0.4347826087,"9":0.1333333333}}