{"query_id":{"0":1,"1":2,"2":33,"3":56,"4":57,"5":109,"6":130,"7":171,"8":196,"9":214},"true_dcg_k":{"0":24.7512662041,"1":20.0373047392,"2":6.4621127026,"3":14.7643646531,"4":18.6337856804,"5":5.2273106624,"6":7.4891701695,"7":3.2002531955,"8":12.6014804868,"9":7.2979661277},"els_dcg_k":{"0":7.0186895655,"1":4.4712783366,"2":1.2041199827,"3":1.3333333333,"4":3.3333333333,"5":1.5,"6":1.5,"7":1.2041199827,"8":3.8193674263,"9":0.867194479},"els_ndcg_k":{"0":0.2835689095,"1":0.2231476935,"2":0.1863353423,"3":0.090307532,"4":0.1788865339,"5":0.2869544393,"6":0.2002892131,"7":0.3762577237,"8":0.3030887863,"9":0.1188268709}}