{"query_id":{"0":1,"1":2,"2":56,"3":83,"4":99,"5":100,"6":171,"7":189,"8":212,"9":213,"10":214,"11":225},"true_dcg_k":{"0":24.7512662041,"1":20.0373047392,"2":14.7643646531,"3":4.7363598161,"4":5.6670363741,"5":10.0101556221,"6":3.2002531955,"7":10.6768222888,"8":15.4029424463,"9":10.9511272619,"10":7.2979661277,"11":22.6258604536},"nir_dcg_k":{"0":5.0162765008,"1":5.7404887931,"2":1.1605584217,"3":0.7737056145,"4":0.5781296526,"5":1.7201002448,"6":0.3868528072,"7":0.5781296526,"8":4.1976755474,"9":1.0,"10":1.1605584217,"11":1.1605584217},"nir_ndcg_k":{"0":0.20266747,"1":0.2864900678,"2":0.0786053751,"3":0.1633544841,"4":0.1020162241,"5":0.1718355148,"6":0.1208819376,"7":0.0541481011,"8":0.2725242636,"9":0.0913148004,"10":0.1590249121,"11":0.0512934491}}