{
    "query_ids": {
        "0": 1,
        "1": 2,
        "2": 56,
        "3": 83,
        "4": 99,
        "5": 100,
        "6": 171,
        "7": 189,
        "8": 212,
        "9": 213,
        "10": 214,
        "11": 225
    },
    "total_relevants": {
        "0": 29,
        "1": 25,
        "2": 11,
        "3": 5,
        "4": 5,
        "5": 10,
        "6": 4,
        "7": 10,
        "8": 15,
        "9": 12,
        "10": 5,
        "11": 25
    },
    "total_retrieveds": {
        "0": 10,
        "1": 10,
        "2": 10,
        "3": 10,
        "4": 10,
        "5": 10,
        "6": 10,
        "7": 10,
        "8": 10,
        "9": 10,
        "10": 10,
        "11": 10
    },
    "total_retrieved_relevants": {
        "0": 5,
        "1": 4,
        "2": 1,
        "3": 1,
        "4": 1,
        "5": 2,
        "6": 1,
        "7": 1,
        "8": 4,
        "9": 1,
        "10": 1,
        "11": 1
    },
    "recall": {
        "0": 0.1724137931,
        "1": 0.16,
        "2": 0.0909090909,
        "3": 0.2,
        "4": 0.2,
        "5": 0.2,
        "6": 0.25,
        "7": 0.1,
        "8": 0.2666666667,
        "9": 0.0833333333,
        "10": 0.2,
        "11": 0.04
    },
    "precision": {
        "0": 0.5,
        "1": 0.4,
        "2": 0.1,
        "3": 0.1,
        "4": 0.1,
        "5": 0.2,
        "6": 0.1,
        "7": 0.1,
        "8": 0.4,
        "9": 0.1,
        "10": 0.1,
        "11": 0.1
    },
    "f_scores": {
        "0": 0.2564102564,
        "1": 0.2285714286,
        "2": 0.0952380952,
        "3": 0.1333333333,
        "4": 0.1333333333,
        "5": 0.2,
        "6": 0.1428571429,
        "7": 0.1,
        "8": 0.32,
        "9": 0.0909090909,
        "10": 0.1333333333,
        "11": 0.0571428571
    }
}